Epoch,Inner_Iter,Iter,contrastive_loss,decode.acc_seg,decode.loss_seg,mix.decode.acc_seg,mix.decode.loss_seg,roi.acc,roi.loss_bbox,roi.loss_cls,roi.loss_mask,rpn.loss_rpn_bbox,rpn.loss_rpn_cls,src.loss_imnet_feat_dist,SumLoss
0,0,0,1.8020423650741577,4.431915283203125,2.3982648849487305,9.769439697265625,1.3070008754730225,3.7109375,0.2512427568435669,2.4260053634643555,3.14275860786438,0.23912274837493896,0.6891118288040161,0.05888371914625168,12.31443314999342
0,0,45,2.4472427368164062,3.340911865234375,2.236201286315918,8.2183837890625,1.238473653793335,93.9453125,0.14788000285625458,0.6206501722335815,1.4587548971176147,0.14599783718585968,0.6570318937301636,0.07984087616205215,9.032073356211185
0,0,46,1.7711127996444702,7.39593505859375,2.9222829341888428,5.92803955078125,2.32582426071167,94.921875,0.09647757560014725,0.5813845992088318,1.4767974615097046,0.10698536038398743,0.6544576287269592,0.09932750463485718,10.03465012460947
0,0,47,2.016422986984253,3.942108154296875,2.8613669872283936,10.027313232421875,1.5627450942993164,95.80078125,0.1226733922958374,0.5663490891456604,1.495831847190857,0.036923766136169434,0.6478155255317688,0.05088438093662262,9.361013069748878
0,0,48,0.6138922572135925,19.126129150390625,2.8352766036987305,15.517425537109375,2.1122379302978516,94.3359375,0.18465250730514526,0.685603141784668,1.5504409074783325,0.06413726508617401,0.6470190286636353,0.06579706817865372,8.759056709706783
0,0,49,0.0,27.817535400390625,2.665320873260498,29.090118408203125,2.2844858169555664,nan,nan
0,0,50,1.0730353593826294,10.694122314453125,2.7758708000183105,14.0045166015625,1.5604932308197021,93.06640625,0.14132806658744812,0.6972283720970154,1.2444902658462524,0.0953456312417984,0.655258297920227,0.08671491593122482,8.329764939844608
0,0,51,0.0,2.399444580078125,2.640704393386841,3.53546142578125,2.2169036865234375,97.8515625,0.08157281577587128,0.5707691311836243,1.1248682737350464,0.014819159172475338,0.6442426443099976,0.06172933056950569,7.355609434656799
0,0,52,1.5769460201263428,12.44964599609375,2.8473896980285645,18.570709228515625,1.5175657272338867,92.48046875,0.20515760779380798,0.6956772804260254,1.116117000579834,0.1995052993297577,0.6602469086647034,0.061917994171381,8.880523536354303
0,0,53,2.803522825241089,7.65380859375,2.9290950298309326,18.508148193359375,1.1721123456954956,94.140625,0.20434603095054626,0.47654271125793457,1.4060627222061157,0.06692171096801758,0.628566324710846,0.14417225122451782,9.831341952085495
0,0,54,1.8421796560287476,7.366943359375,2.833164691925049,18.0938720703125,0.81489098072052,95.60546875,0.11144963651895523,0.47198083996772766,1.2458962202072144,0.05928243696689606,0.629675567150116,0.09741514176130295,8.105935171246529
0,0,55,1.0027097463607788,20.702362060546875,2.683568000793457,15.673065185546875,0.7683990001678467,93.26171875,0.15794417262077332,0.6420392990112305,1.2044559717178345,0.0963829904794693,0.6539732217788696,0.08975847065448761,7.299230873584747
0,0,56,0.8209118843078613,12.909698486328125,2.9022672176361084,13.140106201171875,1.2617195844650269,93.26171875,0.20221957564353943,0.5769213438034058,1.1522295475006104,0.1709091067314148,0.6534481644630432,0.05936048552393913,7.799986910074949
0,0,57,1.7318681478500366,26.226043701171875,2.856625556945801,16.771697998046875,0.930087149143219,95.01953125,0.16600656509399414,0.4149855077266693,1.1930758953094482,0.084486223757267,0.6283420324325562,0.06988184154033661,8.075358919799328
0,0,58,2.0173861980438232,6.877899169921875,2.673954963684082,10.01739501953125,1.45204758644104,84.9609375,0.19051498174667358,0.9568444490432739,1.309106469154358,0.22075743973255157,0.6488192677497864,0.04602907598018646,9.515460431575775
0,0,59,1.7901004552841187,13.61541748046875,2.679365396499634,22.582244873046875,1.6357231140136719,95.21484375,0.10190489888191223,0.5550941824913025,1.5123146772384644,0.17004810273647308,0.6468695998191833,0.06161735951900482,9.153037786483765
0,0,60,2.6126937866210938,23.2879638671875,2.8101260662078857,24.3927001953125,2.158381223678589,95.8984375,0.12411889433860779,0.409939706325531,1.2141867876052856,0.05347574129700661,0.6229326128959656,0.04624127596616745,10.052096094936132
0,0,61,1.2516177892684937,24.9176025390625,2.492844343185425,22.566986083984375,0.5797569751739502,0.06370756775140762,4.387926675379276
0,0,62,0.7198144197463989,13.095855712890625,2.718036651611328,15.91796875,1.403437614440918,95.8984375,0.0745043084025383,0.3429533839225769,1.1147710084915161,0.07332015782594681,0.627924919128418,0.07153701782226562,7.146299481391907
0,0,63,1.1307381391525269,23.82049560546875,2.8269529342651367,29.994964599609375,1.34367036819458,94.82421875,0.15473896265029907,0.38505733013153076,1.06378972530365,0.09021053463220596,0.6262317895889282,0.06502669304609299,7.686416476964951
0,0,64,1.4582475423812866,35.47210693359375,2.783188581466675,18.811798095703125,1.0163187980651855,0.13780176639556885,5.395556688308716
0,0,65,0.0,18.6614990234375,2.5833680629730225,30.731201171875,1.223867654800415,98.6328125,0.05239544063806534,0.25961175560951233,0.9278557896614075,0.019817568361759186,0.6180846095085144,0.017430782318115234,5.7024316638708115
0,0,66,2.3360815048217773,11.8438720703125,2.258819103240967,16.6259765625,1.1938090324401855,91.50390625,0.21628689765930176,0.5438132882118225,1.3360732793807983,0.1948494166135788,0.6427659392356873,0.0724247470498085,8.794923208653927
0,0,67,2.351593494415283,9.468841552734375,2.867554187774658,16.62445068359375,1.7413291931152344,0.04482356831431389,7.00530044361949
0,0,68,3.9271633625030518,18.177032470703125,2.8559906482696533,22.7264404296875,1.2518233060836792,93.06640625,0.24729904532432556,0.4204463064670563,1.0320420265197754,0.09675528854131699,0.6199241280555725,0.04766403138637543,10.499108143150806
0,0,69,0.0,27.704620361328125,2.478600263595581,25.557708740234375,1.0199956893920898,nan,nan
0,0,70,2.0924184322357178,23.717498779296875,2.1170172691345215,18.1610107421875,0.8690735697746277,94.43359375,0.07253371179103851,0.38960006833076477,1.3260133266448975,0.14631737768650055,0.6312779188156128,0.09342607110738754,7.737677745521069
0,0,71,0.09276304394006729,19.707489013671875,2.5542478561401367,24.246978759765625,0.8364890813827515,97.265625,0.08286615461111069,0.24942682683467865,1.02891206741333,0.06573264300823212,0.6008378863334656,0.06425731629133224,5.575532875955105
0,0,72,0.9135263562202454,16.7938232421875,2.5929999351501465,21.5911865234375,2.3239402770996094,96.09375,0.1047879159450531,0.2825920879840851,1.0370019674301147,0.07706193625926971,0.6142944693565369,0.07559575140476227,8.021800696849823
0,0,73,0.42629510164260864,18.75762939453125,2.798246383666992,25.777435302734375,0.7972853183746338,93.9453125,0.12998181581497192,0.3767472803592682,1.141329050064087,0.13261808454990387,0.6200858950614929,0.0885239690542221,6.5111128985881805
0,0,74,1.8339684009552002,19.374847412109375,2.3885788917541504,19.290924072265625,2.0826175212860107,97.36328125,0.011754238978028297,0.2628553509712219,1.0270709991455078,0.15365056693553925,0.6256752610206604,0.039339497685432434,8.425510728731751
0,0,75,1.8445873260498047,19.173431396484375,2.6445059776306152,27.686309814453125,1.0094749927520752,97.8515625,0.04747689515352249,0.20574256777763367,1.1865612268447876,0.042452551424503326,0.5809059739112854,0.07634022831916809,7.638047739863396
0,0,76,1.6046497821807861,17.717742919921875,2.7217493057250977,21.846771240234375,1.7836494445800781,87.6953125,0.11242447048425674,0.659128725528717,0.9639967679977417,0.21683940291404724,0.6447263360023499,0.04715600982308388,8.754320245236158
0,0,77,1.653220772743225,37.429046630859375,2.744213819503784,20.93658447265625,0.9580368399620056,nan,nan
0,0,78,1.0310029983520508,18.460845947265625,2.775876045227051,18.07403564453125,1.8150442838668823,93.45703125,0.12326749414205551,0.40136080980300903,1.0512800216674805,0.13118448853492737,0.6180074214935303,0.04477258026599884,7.991796143352985
0,0,79,2.2590997219085693,26.549530029296875,2.726750373840332,33.028411865234375,2.660064220428467,0.05190157890319824,7.697815895080566
0,0,80,1.759102702140808,11.963653564453125,2.8690876960754395,23.2513427734375,0.8822239637374878,0.020124197006225586,5.530538558959961
0,0,81,2.9499852657318115,27.664947509765625,2.8300576210021973,30.272674560546875,0.4249613881111145,88.37890625,0.3874746561050415,0.5778211355209351,1.0713212490081787,0.10294267535209656,0.6166434288024902,0.08238258957862854,9.043590009212494
0,0,82,0.885835587978363,24.56817626953125,2.3450381755828857,22.1221923828125,1.4816296100616455,97.265625,0.08938564360141754,0.17436346411705017,1.0614237785339355,0.02582315169274807,0.5378592014312744,0.057975877076387405,6.659334490075707
0,0,83,2.285956621170044,23.79150390625,2.759460926055908,26.1077880859375,1.2294799089431763,87.01171875,0.05680924654006958,0.9047102928161621,1.2037698030471802,0.09045246988534927,0.5870460271835327,0.08005877584218979,9.197744071483612
0,0,84,0.9072422981262207,30.072784423828125,2.8042168617248535,33.026123046875,2.030768871307373,97.55859375,0.06569688767194748,0.1948736608028412,1.2174334526062012,0.0336749330163002,0.5818140506744385,0.08693897724151611,7.922659993171692
0,0,85,1.4430420398712158,31.30035400390625,2.791832447052002,22.3785400390625,0.6260815262794495,90.4296875,0.19723448157310486,0.5192834734916687,0.9234053492546082,0.28252100944519043,0.6438438296318054,0.0840521901845932,7.511296346783638
0,0,86,2.0265023708343506,23.529052734375,2.7027792930603027,27.574920654296875,1.785697102546692,85.83984375,0.17663230001926422,0.7358282208442688,1.1732559204101562,0.2958812713623047,0.6628448367118835,0.06522919237613678,9.62465050816536
0,0,87,2.027942180633545,29.89044189453125,2.552539348602295,31.867218017578125,1.3673962354660034,95.21484375,0.12231000512838364,0.314860075712204,1.0682414770126343,0.11998418718576431,0.5866401791572571,0.09788666665554047,8.257800355553627
0,0,88,1.4570399522781372,33.0230712890625,2.756354808807373,29.340362548828125,0.8619651794433594,92.96875,0.14056630432605743,0.37080496549606323,1.0922881364822388,0.16518907248973846,0.6229138374328613,0.05377354100346565,7.5208957977592945
0,0,89,1.9860109090805054,24.86572265625,2.5945725440979004,26.711273193359375,1.7204217910766602,91.2109375,0.1703546941280365,0.4771943986415863,1.0098038911819458,0.26628419756889343,0.6393782496452332,0.06456119567155838,8.92858187109232
0,0,90,1.5609755516052246,21.49200439453125,2.7796053886413574,25.6805419921875,1.2938389778137207,0.15330368280410767,5.78772360086441
0,0,91,2.132169008255005,43.951416015625,2.6233484745025635,26.336669921875,0.39297938346862793,91.9921875,0.14137862622737885,0.5215706825256348,1.021417498588562,0.09965398907661438,0.5757482647895813,0.06121901422739029,7.569484941661358
0,0,92,1.6585636138916016,35.71929931640625,2.5889902114868164,32.405853271484375,1.610635757446289,94.23828125,0.10962709784507751,0.37397468090057373,0.9696636199951172,0.13273224234580994,0.5897958278656006,0.11266262084245682,8.146645672619343
0,0,93,0.0,31.99462890625,2.7562179565429688,26.6204833984375,0.6189891695976257,94.82421875,0.1284894049167633,0.3454296290874481,0.9660450220108032,0.1517774909734726,0.6016646027565002,0.03207545727491379,5.600688733160496
0,0,94,1.658407211303711,32.709503173828125,2.5984582901000977,36.518096923828125,1.0759375095367432,94.140625,0.10090740770101547,0.317011296749115,0.9817140698432922,0.11879953742027283,0.5864359736442566,0.041151732206344604,7.4788230285048485
0,0,95,0.2083033174276352,27.024078369140625,2.6017661094665527,26.4739990234375,1.6928797960281372,0.057946380227804184,4.560895603150129
0,0,96,1.5750095844268799,31.510162353515625,2.653949737548828,31.887054443359375,1.82501220703125,91.69921875,0.17608235776424408,0.3340362310409546,0.9199776649475098,0.18649551272392273,0.6306176781654358,0.050212301313877106,8.351393274962902
0,0,97,2.112680435180664,40.24200439453125,2.7468435764312744,31.70623779296875,2.0195560455322266,94.23828125,0.1319885551929474,0.2882309556007385,1.0235092639923096,0.11378627270460129,0.5751851201057434,0.03768350929021835,9.049463734030724
0,0,98,2.606123685836792,29.473114013671875,2.7080931663513184,41.043853759765625,0.9117925763130188,0.11348380893468857,6.339493237435818
0,0,99,1.1814182996749878,29.477691650390625,2.694305419921875,27.33612060546875,1.0215530395507812,93.65234375,0.18620550632476807,0.32561609148979187,0.8977485299110413,0.07848679274320602,0.5465022325515747,0.04938029125332832,6.981216203421354
0,0,100,1.6857881546020508,24.665069580078125,2.6833431720733643,20.043182373046875,1.6606807708740234,0.08703971654176712,6.116851814091206
0,0,101,1.9654591083526611,33.428955078125,2.6394612789154053,44.41680908203125,1.8628379106521606,83.30078125,0.16752056777477264,0.6249901056289673,0.8083482384681702,0.3082898259162903,0.6681644320487976,0.050256308168172836,9.095327775925398
0,0,102,1.0310554504394531,43.306732177734375,2.5430028438568115,40.62652587890625,1.8911387920379639,89.0625,0.10084225237369537,0.48571813106536865,0.9045358300209045,0.23593872785568237,0.6162336468696594,0.050485458225011826,7.858951132744551
0,0,103,1.8257007598876953,25.560760498046875,2.724876880645752,21.041107177734375,1.3199199438095093,92.7734375,0.16554105281829834,0.36357206106185913,0.9456597566604614,0.11199033260345459,0.5632124543190002,0.04569627344608307,8.066169515252113
0,0,104,0.1548791527748108,33.069610595703125,2.490684747695923,43.597412109375,1.3544979095458984,95.01953125,0.18816408514976501,0.23903030157089233,1.252083420753479,0.06834966689348221,0.5074443817138672,0.15794987976551056,6.413083545863628
0,0,105,2.035886526107788,53.179931640625,2.644308090209961,62.702178955078125,2.3420724868774414,96.484375,0.0849333107471466,0.19669678807258606,0.9258118271827698,0.08586747944355011,0.5448998212814331,0.06549207866191864,8.925968408584595
0,0,106,1.5502305030822754,23.57330322265625,2.748973846435547,25.5645751953125,1.6052439212799072,92.28515625,0.1579543501138687,0.3823731541633606,0.9620421528816223,0.1377379298210144,0.5865085124969482,0.07327189296483994,8.204336263239384
0,0,107,1.6203937530517578,45.459747314453125,2.6908226013183594,27.728271484375,1.2726929187774658,79.98046875,0.33559879660606384,0.704147219657898,0.8711044788360596,0.3851505219936371,0.6879493594169617,0.07767036557197571,8.645530015230179
0,0,108,2.1473371982574463,17.890167236328125,2.7481985092163086,43.315887451171875,0.18669497966766357,96.77734375,0.1048189252614975,0.23845967650413513,0.99127197265625,0.05085885524749756,0.5314846038818359,0.06567412614822388,7.0647988468408585
0,0,109,2.0317325592041016,28.31573486328125,2.720320701599121,28.260040283203125,1.256845235824585,92.48046875,0.2727848291397095,0.3237030506134033,1.0022170543670654,0.18157044053077698,0.508779764175415,0.07544466108083725,8.373398296535015
0,0,110,0.13739624619483948,52.83966064453125,2.6384127140045166,42.766571044921875,1.407766580581665,94.62890625,0.06327938288450241,0.4386598467826843,0.8242875933647156,0.07800113409757614,0.5485308766365051,0.07731904834508896,6.213653422892094
0,0,111,1.7658967971801758,42.571258544921875,2.6664485931396484,42.021942138671875,1.8028790950775146,94.82421875,0.111653633415699,0.2741122245788574,0.839120090007782,0.12944184243679047,0.5708376169204712,0.0487729012966156,8.209162794053555
0,0,112,1.0715268850326538,44.963836669921875,2.591811180114746,35.878753662109375,1.5475406646728516,73.828125,0.1818438321352005,0.6887365579605103,0.8880529999732971,0.13997432589530945,0.5512131452560425,0.13091962039470673,7.791619211435318
0,0,113,1.0190972089767456,68.57986450195312,2.5492472648620605,33.864593505859375,0.6721932291984558,nan,nan
0,0,114,0.0,27.521514892578125,2.1299660205841064,32.8948974609375,1.6540119647979736,96.97265625,0.11325709521770477,0.23744088411331177,0.924249529838562,0.01631404645740986,0.5103492140769958,0.05089415982365608,5.63648291490972
0,0,115,1.1633872985839844,29.706573486328125,2.601527452468872,34.7808837890625,0.5832861661911011,0.07250481098890305,4.420705728232861
0,0,116,1.6349753141403198,50.386810302734375,2.57246732711792,24.944305419921875,1.2984035015106201,93.65234375,0.08719632774591446,0.22830787301063538,0.9113986492156982,0.18294388055801392,0.5692759156227112,0.08106241375207901,7.566031202673912
0,0,117,0.0,35.396575927734375,2.619785785675049,34.33074951171875,1.2582638263702393,96.19140625,0.13651920855045319,0.270923912525177,0.9010100364685059,0.05473717674612999,0.5006580352783203,0.06682699173688889,5.808724973350763
0,0,118,1.878920555114746,51.108551025390625,2.597076892852783,46.477508544921875,1.4750045537948608,91.11328125,0.15189772844314575,0.285722553730011,0.9796117544174194,0.18778295814990997,0.5696569681167603,0.07810299098491669,8.203776955604553
0,0,119,0.0,31.027984619140625,1.9310011863708496,32.11212158203125,0.9952865839004517,95.8984375,0.12559708952903748,0.1627739667892456,1.1196763515472412,0.083070307970047,0.4350954592227936,0.0985165387392044,4.9510174840688705
0,0,120,1.250798225402832,31.862640380859375,2.682523250579834,23.83575439453125,1.2921576499938965,0.09669574350118637,5.322174869477749
0,0,121,0.0,59.90753173828125,2.5619077682495117,49.0753173828125,0.3464758098125458,0.0535726472735405,2.961956225335598
0,0,122,0.9808217883110046,38.404083251953125,2.6139893531799316,34.803009033203125,0.8275794386863708,89.94140625,0.14853987097740173,0.42856037616729736,0.897477388381958,0.23009003698825836,0.6169619560241699,0.09276390075683594,6.8367841094732285
0,0,123,1.0728240013122559,42.571258544921875,2.5806679725646973,49.2218017578125,0.8984991312026978,94.3359375,0.16224971413612366,0.27014997601509094,0.8025371432304382,0.07044649124145508,0.5006673336029053,0.060963552445173264,6.419005315750837
0,0,124,2.105846881866455,45.1751708984375,2.5536842346191406,54.35333251953125,2.1799511909484863,0.11779547482728958,6.957277782261372
0,0,125,0.0,31.3934326171875,2.21256160736084,34.063720703125,0.8886282444000244,95.21484375,0.1700025498867035,0.22714930772781372,0.7481916546821594,0.033374544233083725,0.4128124713897705,0.04162812605500221,4.734348505735397
0,0,126,1.113439917564392,44.9798583984375,2.3383569717407227,40.120697021484375,0.4749336242675781,97.65625,0.06245351582765579,0.16077199578285217,0.8860836625099182,0.05344400182366371,0.47732552886009216,0.07851684093475342,5.645326059311628
0,0,127,1.8532437086105347,33.699798583984375,2.6061391830444336,37.12310791015625,1.4244918823242188,92.67578125,0.163333922624588,0.32076871395111084,0.9077256321907043,0.13245725631713867,0.5362107753753662,0.06162909045815468,8.00600016489625
0,0,128,1.7001001834869385,41.552734375,2.637354612350464,43.46466064453125,1.9491454362869263,90.72265625,0.2457996904850006,0.45110660791397095,0.8880221247673035,0.12652137875556946,0.5002840161323547,0.10534369945526123,8.603677749633789
0,0,129,1.7987291812896729,43.1060791015625,2.4205713272094727,29.494476318359375,1.4782322645187378,83.984375,0.35227328538894653,0.48327869176864624,0.8508712649345398,0.25641995668411255,0.5577686429023743,0.0920550674200058,8.290199682116508
0,0,130,0.14293129742145538,30.99517822265625,2.4234354496002197,35.21881103515625,1.0659064054489136,97.4609375,0.08237002789974213,0.13865508139133453,0.9080070853233337,0.02090778574347496,0.42879560589790344,0.07836486399173737,5.289373602718115
0,0,131,2.6138932704925537,48.1964111328125,2.6113321781158447,40.906524658203125,1.2946946620941162,93.9453125,0.22640526294708252,0.3466675281524658,0.9355987906455994,0.14119449257850647,0.4759765565395355,0.06459864228963852,8.710361383855343
0,0,132,1.344667673110962,43.304443359375,2.4955246448516846,53.155517578125,0.8443988561630249,94.140625,0.2008107751607895,0.2366301417350769,0.8703397512435913,0.04010111466050148,0.45682188868522644,0.012291544117033482,6.5015863897278905
0,0,133,1.0042216777801514,56.182098388671875,2.5230093002319336,48.406982421875,0.8471822738647461,93.84765625,0.2078632265329361,0.26571062207221985,0.8113844990730286,0.08445020765066147,0.4883700907230377,0.05676457658410072,6.2889564745128155
0,0,134,3.607015609741211,23.097991943359375,1.8934868574142456,16.832733154296875,0.9397633075714111,84.47265625,0.2869836091995239,0.5824719667434692,0.7995665669441223,0.26413780450820923,0.5592336058616638,0.08823666721582413,9.02089599519968
0,0,135,0.568884015083313,57.590484619140625,2.2020487785339355,47.235870361328125,1.592099666595459,97.94921875,0.06732123345136642,0.11176378279924393,0.9345261454582214,0.014864465221762657,0.3832753598690033,0.05650345981121063,5.931286906823516
0,0,136,2.107532024383545,53.479766845703125,2.298370361328125,47.681427001953125,1.1821417808532715,92.48046875,0.22690452635288239,0.3915387988090515,0.8227959275245667,0.07263480126857758,0.41452404856681824,0.1357664316892624,7.6522087007761
0,0,137,2.063607931137085,60.688018798828125,2.4661731719970703,43.35174560546875,1.455499529838562,88.8671875,0.22644323110580444,0.42120498418807983,0.8509562015533447,0.1508849859237671,0.4762287735939026,0.07186731696128845,8.182866126298904
0,0,138,1.0712264776229858,30.63201904296875,2.6344778537750244,30.846405029296875,1.9907729625701904,95.1171875,0.12942728400230408,0.2934645116329193,0.7705308794975281,0.08898908644914627,0.4672516882419586,0.04275261610746384,7.488893359899521
0,0,139,1.441982626914978,41.63665771484375,2.5293803215026855,39.617919921875,1.0616962909698486,84.08203125,0.19422301650047302,0.6165241599082947,0.8312905430793762,0.22757992148399353,0.6013564467430115,0.056316833943128586,7.56035016104579
0,0,140,2.226855754852295,55.371856689453125,2.4400601387023926,39.72320556640625,0.5896275043487549,88.76953125,0.3506755828857422,0.40865358710289,0.8140034079551697,0.05339086428284645,0.40409350395202637,0.07195825129747391,7.359318595379591
0,0,141,1.8660398721694946,35.405731201171875,2.43819522857666,44.644927978515625,1.0558342933654785,89.0625,0.2768704295158386,0.5379716753959656,0.7797114253044128,0.2120981216430664,0.5552400946617126,0.08418644964694977,7.806147590279579
0,0,142,1.468661904335022,45.611572265625,2.3163418769836426,35.56060791015625,0.5487106442451477,90.13671875,0.20336857438087463,0.4130326509475708,0.9281506538391113,0.10470257699489594,0.41396018862724304,0.08513327687978745,6.482062347233295
0,0,143,0.43423470854759216,51.625823974609375,2.5269598960876465,63.942718505859375,1.5444307327270508,96.58203125,0.07687538862228394,0.1683976650238037,0.7844723463058472,0.04945513606071472,0.4355945587158203,0.04931018874049187,6.069730620831251
0,0,144,0.6528380513191223,31.688690185546875,2.3057594299316406,38.94195556640625,0.48563888669013977,87.98828125,0.38744401931762695,0.5624290704727173,0.7587623000144958,0.13612881302833557,0.4748334586620331,0.06269138306379318,5.826525412499905
0,0,145,0.0,35.38360595703125,2.378053903579712,46.636962890625,0.6236833333969116,96.09375,0.14307579398155212,0.24531462788581848,0.836413562297821,0.04923080652952194,0.37089645862579346,0.06724550575017929,4.71391399204731
0,0,146,1.8744878768920898,44.53125,2.4439914226531982,41.2322998046875,0.47611138224601746,93.9453125,0.13810452818870544,0.2855839133262634,0.8198341727256775,0.2181708812713623,0.5896143317222595,0.07801779359579086,6.923916302621365
0,0,147,2.034961700439453,46.905517578125,2.3062915802001953,51.389312744140625,1.9682931900024414,86.81640625,0.30250799655914307,0.4546542763710022,0.8030160665512085,0.329664021730423,0.533176064491272,0.06873717904090881,8.801302075386047
0,0,148,1.9126509428024292,48.24066162109375,2.256037473678589,44.995880126953125,1.2105778455734253,95.01953125,0.05721442401409149,0.232374370098114,0.7661038637161255,0.10128141939640045,0.410875529050827,0.08359065651893616,7.030706524848938
0,0,149,1.1168179512023926,34.734344482421875,2.4755330085754395,42.0257568359375,1.2648457288742065,0.08028779923915863,4.937484487891197
0,0,150,2.2773241996765137,52.893829345703125,2.395725727081299,49.747467041015625,1.3876148462295532,85.3515625,0.1577284336090088,0.4831164479255676,0.8426859378814697,0.16977649927139282,0.473721444606781,0.1131490170955658,8.300842553377151
0,0,151,1.6477149724960327,30.8807373046875,2.472433090209961,29.76531982421875,1.3937230110168457,93.1640625,0.08771386742591858,0.3766412138938904,0.7624001502990723,0.1422753632068634,0.5220063328742981,0.10100001096725464,7.505908012390137
0,0,152,0.0,43.1793212890625,2.381488084793091,55.580902099609375,1.2053706645965576,96.77734375,0.12272638082504272,0.17221350967884064,0.7931095957756042,0.014635296538472176,0.3018328547477722,0.059513986110687256,5.050890373066068
0,0,153,1.7600971460342407,47.20611572265625,2.078382968902588,57.224273681640625,0.15139009058475494,92.08984375,0.13460424542427063,0.333852618932724,0.7486245036125183,0.13000546395778656,0.4436328411102295,0.0964784026145935,5.877068281173706
0,0,154,0.7007238268852234,42.8070068359375,2.3706297874450684,39.737701416015625,1.6585538387298584,93.1640625,0.23085889220237732,0.3245636820793152,0.7904685139656067,0.11916524171829224,0.3771398067474365,0.11673058569431305,6.688834175467491
0,0,155,2.1478757858276367,45.62225341796875,2.472175359725952,35.2020263671875,1.1357808113098145,96.38671875,0.10965161770582199,0.20206232368946075,0.7880474925041199,0.05092228576540947,0.391755610704422,0.0587778277695179,7.357049115002155
0,0,156,1.5089954137802124,45.89385986328125,2.4194674491882324,65.48385620117188,1.4183557033538818,89.2578125,0.2520897388458252,0.4220185875892639,0.7601621150970459,0.06708697974681854,0.37840232253074646,0.06526052206754684,7.2918388321995735
0,0,157,2.5897414684295654,32.407379150390625,2.495699405670166,34.12628173828125,1.7153913974761963,93.1640625,0.25621187686920166,0.3562462031841278,0.7537842392921448,0.11504262685775757,0.3971507251262665,0.08150697499513626,8.760774917900562
0,0,158,2.0003585815429688,52.51312255859375,2.419295310974121,39.6087646484375,0.5499157905578613,90.91796875,0.2974693179130554,0.3392651081085205,0.794448733329773,0.11007928848266602,0.3628511428833008,0.10147756338119507,6.975160837173462
0,0,159,1.0867353677749634,68.3746337890625,2.2404189109802246,64.0869140625,1.8427481651306152,nan,nan
0,0,160,1.8698301315307617,43.13507080078125,2.4412083625793457,54.06036376953125,1.9234042167663574,94.82421875,0.13312193751335144,0.31756791472435,0.7697494626045227,0.0644378587603569,0.408817857503891,0.08880264312028885,8.016940385103226
0,0,161,0.6215353012084961,32.17620849609375,2.5236411094665527,26.76849365234375,1.9768978357315063,93.9453125,0.2380007952451706,0.3137759268283844,0.7539503574371338,0.03655920550227165,0.32484307885169983,0.038342151790857315,6.827545762062073
0,0,162,2.0731067657470703,54.2510986328125,2.343935489654541,58.50677490234375,1.53407883644104,82.51953125,0.3284699022769928,0.5519616603851318,0.8219927549362183,0.23563271760940552,0.5062697529792786,0.0942431315779686,8.489691011607647
0,0,163,0.7769911885261536,53.458404541015625,2.444538116455078,51.227569580078125,0.600747287273407,96.2890625,0.13016988337039948,0.14063408970832825,0.8089826703071594,0.05021914094686508,0.30356690287590027,0.03987094759941101,5.295720227062702
0,0,164,1.935238242149353,34.8876953125,2.4948182106018066,56.62078857421875,1.2503864765167236,90.8203125,0.3552877902984619,0.39737769961357117,0.7446532845497131,0.08932895213365555,0.30158013105392456,0.08574240654706955,7.654413193464279
0,0,165,1.7185314893722534,43.7164306640625,2.4564156532287598,51.384735107421875,1.1484180688858032,0.06312698870897293,5.386492200195789
0,0,166,1.979386568069458,55.615997314453125,2.3332552909851074,47.9827880859375,0.9245241284370422,95.21484375,0.1591898500919342,0.16242481768131256,0.7103060483932495,0.038635361939668655,0.26178789138793945,0.03208526223897934,6.601595219224691
0,0,167,1.810921311378479,43.658447265625,2.5011134147644043,48.056793212890625,1.4765472412109375,0.05052093788981438,5.839102905243635
0,0,168,1.801054835319519,38.8946533203125,2.3582162857055664,38.339996337890625,1.107231616973877,85.05859375,0.41043394804000854,0.5192629098892212,0.7209933400154114,0.19591540098190308,0.5040125250816345,0.08052347600460052,7.697644338011742
0,0,169,2.1292836666107178,44.87457275390625,2.370203971862793,52.013397216796875,1.7588690519332886,90.4296875,0.3258647322654724,0.43864306807518005,0.7598695755004883,0.07061553001403809,0.33326107263565063,0.08697202801704407,8.273582696914673
0,0,170,1.7886898517608643,51.5899658203125,2.3208017349243164,45.192718505859375,0.5005316734313965,88.37890625,0.24021132290363312,0.4575219750404358,0.8452979922294617,0.24895551800727844,0.5843119025230408,0.07649314403533936,7.062815114855766
0,0,171,0.8020138144493103,45.41015625,2.285546064376831,56.622314453125,0.7755951285362244,89.2578125,0.301849901676178,0.5249924063682556,0.7224364876747131,0.09983712434768677,0.3743823170661926,0.08531318604946136,5.971966430544853
0,0,172,0.738541841506958,42.706298828125,2.0716538429260254,52.51617431640625,0.9274590015411377,92.28515625,0.1552603393793106,0.3581472635269165,0.7723826169967651,0.1155463233590126,0.43911322951316833,0.05413658544421196,5.632241044193506
0,0,173,1.1748965978622437,52.6580810546875,2.2835981845855713,54.6875,1.6574920415878296,87.01171875,0.23044905066490173,0.49547383189201355,0.7311974763870239,0.1961437165737152,0.5112507343292236,0.05128291994333267,7.331784553825855
0,0,174,1.0292710065841675,40.8477783203125,2.161362648010254,32.8338623046875,0.7559703588485718,95.60546875,0.10252376645803452,0.23398660123348236,0.6980716586112976,0.08729857206344604,0.42076829075813293,0.05526205524802208,5.544514957815409
0,0,175,1.6318258047103882,44.515228271484375,2.379446506500244,50.968170166015625,1.3919190168380737,95.41015625,0.18047913908958435,0.24489831924438477,0.768241286277771,0.0887630358338356,0.3499411642551422,0.07305120676755905,7.108565479516983
0,0,176,1.793432593345642,49.32403564453125,2.2346372604370117,50.299072265625,0.5832201838493347,88.18359375,0.3596118986606598,0.4220474362373352,0.7707635164260864,0.13551989197731018,0.402290016412735,0.06904873996973038,6.7705715373158455
0,0,177,1.3933485746383667,50.305938720703125,2.3541698455810547,44.7845458984375,0.8541845083236694,93.359375,0.14063790440559387,0.26400870084762573,0.7298872470855713,0.007132844068109989,0.2799588143825531,0.054819464683532715,6.0781479040160775
0,0,178,2.2251322269439697,27.7984619140625,2.566586971282959,35.16693115234375,1.2143144607543945,93.75,0.017600873485207558,0.25619837641716003,0.7902317643165588,0.0,0.3204552233219147,nan,nan
0,0,179,0.0,45.453643798828125,2.3475942611694336,56.86798095703125,1.912313461303711,96.09375,0.14598965644836426,0.2205439656972885,0.7453275322914124,0.0236354973167181,0.2745169401168823,0.0630035474896431,5.732924861833453
0,0,180,1.2818628549575806,37.722015380859375,2.136056661605835,36.479949951171875,0.8759677410125732,90.13671875,0.06926479935646057,0.45017075538635254,0.7968831062316895,0.16782709956169128,0.564943790435791,0.04272289201617241,6.385699700564146
0,0,181,0.0,43.70880126953125,2.257749319076538,64.28756713867188,0.7467399835586548,96.77734375,0.1273682415485382,0.22443747520446777,0.7523453831672668,0.016628166660666466,0.2063324898481369,0.10935567319393158,4.440956732258201
0,0,182,0.1227581724524498,24.9481201171875,2.1178367137908936,38.590240478515625,2.1006362438201904,95.60546875,0.1804462969303131,0.24040287733078003,0.8523334860801697,0.014574309810996056,0.2450966238975525,0.06936624646186829,5.943450970575213
0,0,183,2.0192949771881104,26.53961181640625,2.4019839763641357,40.73028564453125,0.5810295939445496,85.9375,0.363351047039032,0.5388267040252686,0.7166107892990112,0.13606879115104675,0.40706774592399597,0.07661765068769455,7.240851275622845
0,0,184,0.6602031588554382,52.381134033203125,2.23108172416687,50.81024169921875,0.8972864151000977,92.48046875,0.14963944256305695,0.3643088638782501,0.7695804238319397,0.11205177009105682,0.38291725516319275,0.06456060707569122,5.631629660725594
0,0,185,1.044071078300476,52.46734619140625,1.888378620147705,55.1513671875,1.0686938762664795,97.4609375,0.05445227771997452,0.13452914357185364,0.7850378155708313,0.04679865017533302,0.24607224762439728,nan,nan
0,0,186,1.2747527360916138,47.48687744140625,2.1584830284118652,47.15423583984375,1.2627007961273193,90.72265625,0.3496623635292053,0.3823527693748474,0.7362124919891357,0.0614146962761879,0.2531895935535431,0.08577388525009155,6.564542360603809
0,0,187,0.7246023416519165,14.223480224609375,2.5669121742248535,58.1146240234375,0.24644307792186737,95.8984375,0.11936719715595245,0.24259516596794128,0.7892764210700989,0.03665969520807266,0.2677023708820343,0.06597410887479782,5.059532552957535
0,0,188,1.3628997802734375,51.753997802734375,2.2881739139556885,52.00958251953125,1.8868850469589233,91.30859375,0.22580713033676147,0.3461049795150757,0.697018563747406,0.10940912365913391,0.43938490748405457,0.0779862031340599,7.433669649064541
0,0,189,1.705847978591919,56.923675537109375,2.209315061569214,67.65823364257812,1.433571219444275,91.11328125,0.24320842325687408,0.2914568781852722,0.7526143789291382,0.11002099514007568,0.3331969082355499,0.09464139491319656,7.173873238265514
0,0,190,1.8565438985824585,37.58392333984375,2.3369812965393066,27.576446533203125,1.3490304946899414,92.3828125,0.23065708577632904,0.41057687997817993,0.7801409363746643,0.14997002482414246,0.3592509925365448,0.08907359093427658,7.562225200235844
0,0,191,0.22361397743225098,65.05355834960938,2.0301003456115723,61.5325927734375,0.7493261694908142,95.703125,0.15856879949569702,0.17224305868148804,0.7219887971878052,0.05943801626563072,0.25414514541625977,0.088124118745327,4.457548428326845
0,0,192,2.209383726119995,36.943817138671875,2.329347610473633,50.330352783203125,1.0514085292816162,87.01171875,0.433724045753479,0.5920592546463013,0.7201160192489624,0.16874238848686218,0.5001509785652161,0.08327049016952515,8.08820304274559
0,0,193,1.8136799335479736,31.092071533203125,2.387721061706543,35.686492919921875,1.2373402118682861,85.7421875,0.3585868179798126,0.49909764528274536,0.7230899930000305,0.1521608680486679,0.42257606983184814,0.07089632749557495,7.665148928761482
0,0,194,0.28917524218559265,48.043060302734375,2.149379253387451,61.257171630859375,1.1338287591934204,0.05209223926067352,3.6244754940271378
0,0,195,0.4294663071632385,44.37103271484375,2.1885056495666504,40.44952392578125,1.3252215385437012,96.484375,0.10729095339775085,0.17914210259914398,0.702442467212677,0.03607369214296341,0.21259601414203644,0.1066664457321167,5.2874051705002785
0,0,196,0.022351063787937164,72.26333618164062,1.9266928434371948,61.734771728515625,0.999661386013031,95.1171875,0.16812396049499512,0.17022450268268585,0.770618200302124,0.08532759547233582,0.243025004863739,nan,nan
0,0,197,1.541760802268982,38.684844970703125,2.13552188873291,38.683319091796875,1.3828662633895874,89.16015625,0.323387086391449,0.3929184079170227,0.7373180985450745,0.09749066084623337,0.29740893840789795,0.08077371120452881,6.989445857703686
0,0,198,1.9738073348999023,64.6148681640625,2.152024030685425,45.61767578125,1.208465814590454,0.04672110453248024,5.3810182847082615
0,0,199,0.09676503390073776,35.0921630859375,1.7392305135726929,48.5687255859375,1.0506527423858643,89.84375,0.17599663138389587,0.2711789011955261,0.7124651670455933,0.06174897775053978,0.2299121916294098,0.0822889432311058,4.4202391020953655
0,0,200,1.471732258796692,59.9884033203125,1.929783582687378,67.94891357421875,0.9368945956230164,93.5546875,0.1383455991744995,0.3539137840270996,0.7433655261993408,0.028080206364393234,0.28669777512550354,0.027710696682333946,5.916524024680257
0,0,201,0.5639548301696777,73.00033569335938,1.999101996421814,53.432464599609375,0.950753927230835,94.43359375,0.08010977506637573,0.2051405906677246,0.7480038404464722,0.05669338256120682,0.2767550051212311,nan,nan
0,0,202,2.3514630794525146,50.2105712890625,2.1308376789093018,51.598358154296875,0.3710700273513794,87.40234375,0.22143106162548065,0.4874832034111023,0.7298713326454163,0.09269216656684875,0.3403337895870209,0.0842311903834343,6.809413529932499
0,0,203,1.9713716506958008,44.8699951171875,2.0653164386749268,38.623046875,0.40687045454978943,0.12831233441829681,4.571870878338814
0,0,204,1.6465181112289429,51.343536376953125,1.8904237747192383,58.205413818359375,1.0786879062652588,88.0859375,0.33463698625564575,0.43352210521698,0.6804017424583435,0.10380437970161438,0.3022812008857727,0.10170955210924149,6.571985758841038
0,0,205,1.568335771560669,45.37506103515625,2.1347241401672363,44.549560546875,1.6751341819763184,83.69140625,0.36184054613113403,0.5189242362976074,0.7074527144432068,0.17948086559772491,0.47970786690711975,0.05625464394688606,7.681854967027903
0,0,206,1.6217836141586304,53.78875732421875,2.0450944900512695,54.1107177734375,1.2214887142181396,88.0859375,0.378123015165329,0.387647807598114,0.7695832252502441,0.3292432129383087,0.4157738983631134,0.07828479260206223,7.247022770345211
0,0,207,0.28510287404060364,34.362030029296875,1.9604747295379639,46.932220458984375,1.6250231266021729,94.7265625,0.19535863399505615,0.24401962757110596,0.6591323614120483,0.060163360089063644,0.2519192099571228,0.06516110897064209,5.346355032175779
0,0,208,1.585685133934021,64.276123046875,1.954230785369873,54.248809814453125,0.7043769359588623,92.7734375,0.1926478147506714,0.24509355425834656,0.6684171557426453,0.06715042144060135,0.2372114360332489,0.09383028745651245,5.748643524944782
0,0,209,0.33593127131462097,51.909637451171875,2.0555737018585205,46.7620849609375,1.8417894840240479,86.42578125,0.27781209349632263,0.3985669016838074,0.7671645879745483,0.1924598515033722,0.29953816533088684,0.08449061959981918,6.253326676785946
0,0,210,2.698573350906372,39.66522216796875,2.0310258865356445,43.976593017578125,0.9459611177444458,92.48046875,0.12448222935199738,0.23738640546798706,0.7205370664596558,0.07605242729187012,0.20076154172420502,0.0706426128745079,7.105422638356686
0,0,211,2.3569114208221436,49.932098388671875,2.003095865249634,56.11724853515625,1.1766996383666992,88.96484375,0.36073580384254456,0.4458276331424713,0.7257605791091919,0.13911813497543335,0.27324044704437256,0.09675898402929306,7.578148506581783
0,0,212,2.113896608352661,53.70025634765625,2.1314964294433594,56.137847900390625,1.1734347343444824,81.8359375,0.2526454031467438,0.6245529055595398,0.7577788233757019,0.11386187374591827,0.3819456994533539,0.044701267033815384,7.594313744455576
0,0,213,0.0,27.561187744140625,2.319977283477783,53.3782958984375,0.6802207231521606,86.1328125,0.3380480408668518,0.5281355381011963,0.7060186266899109,0.17134086787700653,0.5010437965393066,0.09177001565694809,5.336554892361164
0,0,214,2.401142120361328,58.40606689453125,1.74846613407135,56.15997314453125,1.307431936264038,92.28515625,0.28444838523864746,0.30167433619499207,0.74714195728302,0.06426089257001877,0.2271593064069748,0.054743461310863495,7.136468529701233
0,0,215,1.8960630893707275,40.46173095703125,2.2561492919921875,49.61700439453125,1.4329986572265625,87.98828125,0.3220067620277405,0.3845643401145935,0.6878286600112915,0.14650209248065948,0.27254948019981384,0.07742928713560104,7.476091660559177
0,0,216,1.6220810413360596,71.48361206054688,1.8267102241516113,46.271514892578125,0.6010838747024536,90.8203125,0.31115809082984924,0.3153546452522278,0.6790841817855835,0.0748792514204979,0.2677750885486603,0.11014185845851898,5.808268256485462
0,0,217,1.6274417638778687,48.583984375,1.586259365081787,42.5750732421875,0.945087730884552,88.57421875,0.24672414362430573,0.456795871257782,0.7351876497268677,0.12065836787223816,0.41702771186828613,0.08544360101222992,6.220626205205917
0,0,218,1.0600601434707642,43.63861083984375,2.127859592437744,45.423126220703125,1.7067791223526,79.8828125,0.4421900808811188,0.6527968645095825,0.7071428894996643,0.23117050528526306,0.6247754096984863,nan,nan
0,0,219,0.0,49.329376220703125,1.996258020401001,45.371246337890625,1.014799952507019,89.6484375,0.3331480622291565,0.2888818383216858,0.7209267616271973,0.09842611849308014,0.1957792490720749,0.08667000383138657,4.734890006482601
0,0,220,0.6662580370903015,67.97256469726562,2.0028014183044434,68.145751953125,1.4176353216171265,86.9140625,0.24542883038520813,0.3672511577606201,0.747072696685791,0.06783463805913925,0.23863816261291504,0.07477264106273651,5.827692903578281
0,0,221,1.400627851486206,45.0439453125,2.1368489265441895,52.69012451171875,1.1220083236694336,95.01953125,0.1816135048866272,0.24080884456634521,0.7631155252456665,0.04361618310213089,0.2135995328426361,0.06265164911746979,6.164890341460705
0,0,222,1.5589959621429443,58.255767822265625,1.7099111080169678,49.1729736328125,0.6871804594993591,83.59375,0.512163519859314,0.5933576822280884,0.7493444681167603,0.12311018258333206,0.35524895787239075,0.08661409467458725,6.375926434993744
0,0,223,1.889733910560608,34.77935791015625,2.2752609252929688,47.930908203125,1.2733074426651,84.375,0.42212802171707153,0.5142470598220825,0.7170735597610474,0.25499674677848816,0.4414949417114258,0.06534919887781143,7.8535918071866035
0,0,224,2.176156759262085,36.87896728515625,1.8367959260940552,53.714752197265625,1.5249165296554565,85.7421875,0.31465739011764526,0.4486018419265747,0.724168062210083,0.09801880270242691,0.29388633370399475,0.06404588371515274,7.481247529387474
0,0,225,0.13827580213546753,18.135833740234375,2.4988198280334473,43.433380126953125,1.0271495580673218,93.84765625,0.2636532187461853,0.40805310010910034,0.7753371000289917,0.016130808740854263,0.21549512445926666,0.09591870754957199,5.438833247870207
0,0,226,2.3030169010162354,53.5369873046875,2.0019192695617676,45.424652099609375,1.00373113155365,82.91015625,0.4753156304359436,0.43978190422058105,0.672641396522522,0.16265779733657837,0.28007641434669495,0.08602629601955414,7.425166741013527
0,0,227,1.8410183191299438,42.305755615234375,1.790345549583435,36.6912841796875,1.3822427988052368,94.43359375,0.1646895408630371,0.23562240600585938,0.7273341417312622,0.06100770831108093,0.20157533884048462,0.0771571695804596,6.4809929728508
0,0,228,1.6203159093856812,57.574462890625,2.059406042098999,55.571746826171875,0.8365696668624878,90.91796875,0.32797956466674805,0.4145588278770447,0.675605297088623,0.06454963237047195,0.2108556628227234,0.05939113348722458,6.269231736660004
0,0,229,1.6128381490707397,66.44668579101562,1.9434932470321655,64.67819213867188,1.3172420263290405,75.0,0.6238778233528137,0.7252013683319092,0.6746994256973267,0.19851836562156677,0.3600373864173889,0.06271635740995407,7.518624149262905
0,0,230,1.7653827667236328,68.79425048828125,1.9301905632019043,66.02325439453125,0.679556667804718,85.44921875,0.364321231842041,0.43741145730018616,0.7152159810066223,0.3098999559879303,0.4619046151638031,0.06550364196300507,6.729386880993843
0,0,231,2.1929244995117188,39.4134521484375,2.104140281677246,41.211700439453125,1.4591550827026367,93.45703125,0.2563077211380005,0.30113133788108826,0.7117778062820435,0.044561292976140976,0.15853919088840485,0.13487577438354492,7.3634129874408245
0,0,232,1.6403992176055908,41.78314208984375,2.1628472805023193,46.87652587890625,1.2412561178207397,89.84375,0.29859787225723267,0.46077045798301697,0.7265187501907349,0.10832563042640686,0.29313796758651733,0.10235394537448883,7.034207239747047
0,0,233,2.187190532684326,67.71392822265625,1.7091538906097412,54.68597412109375,1.1258281469345093,95.3125,0.1918361485004425,0.17718376219272614,0.6861892342567444,0.07108400762081146,0.19733119010925293,0.13448606431484222,6.480282977223396
0,0,234,1.4496287107467651,58.957672119140625,1.9748878479003906,46.307373046875,1.1909993886947632,91.89453125,0.31393080949783325,0.3111310601234436,0.6617603302001953,0.036746758967638016,0.2171555608510971,0.02835613116621971,6.184596598148346
0,0,235,1.0088576078414917,38.17901611328125,1.9499986171722412,42.188262939453125,1.7107486724853516,93.9453125,0.2525900602340698,0.26048731803894043,0.6012316346168518,0.02820802666246891,0.18692141771316528,0.03947359323501587,6.038516947999597
0,0,236,1.1965998411178589,47.80120849609375,2.013810634613037,50.366973876953125,0.30627554655075073,78.3203125,0.48865070939064026,0.6409919261932373,0.69537752866745,0.2104884386062622,0.2789079546928406,0.0481947660446167,5.879297345876694
0,0,237,0.9689950346946716,50.534820556640625,1.870255708694458,48.3642578125,1.4568901062011719,0.13701628148555756,4.433157131075859
0,0,238,1.0775288343429565,38.6627197265625,2.113802433013916,47.402191162109375,0.7926211357116699,93.65234375,0.2531753182411194,0.2931617796421051,0.7244810461997986,0.05111388862133026,0.224430650472641,0.04838723689317703,5.578702323138714
0,0,239,0.5773853659629822,77.46963500976562,1.892133355140686,62.3779296875,0.26596739888191223,0.09142906218767166,2.826915182173252
0,0,240,0.8424421548843384,44.04754638671875,1.9125137329101562,47.98126220703125,0.9232182502746582,94.3359375,0.1968478560447693,0.22921432554721832,0.5939947962760925,0.032564178109169006,0.23334205150604248,0.07369186729192734,5.037829212844372
0,0,241,1.3621211051940918,40.438079833984375,2.0439720153808594,46.6094970703125,1.0618356466293335,0.0665382519364357,4.53446701914072
0,0,242,1.766461968421936,43.997955322265625,2.1092286109924316,51.251983642578125,1.4339183568954468,86.62109375,0.3931732177734375,0.5961319804191589,0.7125735282897949,0.11789730191230774,0.33875030279159546,0.07597306370735168,7.544108331203461
0,0,243,0.0649326965212822,48.284149169921875,1.7789981365203857,55.804443359375,0.7555930614471436,96.77734375,0.12176500260829926,0.17390470206737518,0.6919960379600525,0.040877390652894974,0.1483200043439865,0.09493137896060944,3.8713184110820293
0,0,244,2.253929853439331,58.110809326171875,1.8332793712615967,56.74896240234375,0.6932506561279297,90.52734375,0.22943516075611115,0.3995332717895508,0.6775064468383789,0.10540810972452164,0.34773963689804077,0.07246776670217514,6.612550273537636
0,0,245,1.7452934980392456,68.43719482421875,1.873820185661316,58.444976806640625,0.44393622875213623,0.04995349422097206,4.11300340667367
0,0,246,2.054986000061035,57.1075439453125,1.955504059791565,64.40582275390625,0.9295819997787476,88.4765625,0.3204555809497833,0.45944616198539734,0.6686294674873352,0.09693492203950882,0.24679791927337646,0.09068158268928528,6.823017694056034
0,0,247,0.23381391167640686,38.79241943359375,2.0139365196228027,32.51800537109375,1.0943454504013062,88.0859375,0.22964611649513245,0.42628175020217896,0.6787790060043335,0.05933535099029541,0.24109452962875366,0.0734592005610466,5.050691835582256
0,0,248,1.881378412246704,49.129486083984375,1.8801178932189941,63.657379150390625,0.9824837446212769,92.08984375,0.16742554306983948,0.29988792538642883,0.6915960907936096,0.1743679940700531,0.279491662979126,nan,nan
0,0,249,0.3992956876754761,56.9671630859375,1.996028184890747,58.434295654296875,0.6191223859786987,88.4765625,0.33382588624954224,0.4654998183250427,0.6511039733886719,0.13003098964691162,0.31156596541404724,0.07223057746887207,4.97870346903801
0,0,250,2.200012683868408,36.835479736328125,1.7831225395202637,44.45037841796875,1.4447271823883057,87.79296875,0.4603912830352783,0.4054733216762543,0.6879794001579285,0.14114956557750702,0.3269939720630646,0.08390682190656662,7.533756770193577
0,0,251,1.9838827848434448,59.935760498046875,1.8714805841445923,67.77572631835938,1.0661208629608154,80.56640625,0.6251821517944336,0.6427722573280334,0.6940022706985474,0.18497855961322784,0.3807762563228607,0.0733262300491333,7.522521957755089
0,0,252,0.049319349229335785,55.38177490234375,2.000850200653076,55.56488037109375,0.7692686319351196,89.94140625,0.38747143745422363,0.43943357467651367,0.6559889912605286,0.049491990357637405,0.19655244052410126,0.09684386849403381,4.64522048458457
0,0,253,1.614056944847107,51.236724853515625,1.974318504333496,57.74688720703125,1.4653260707855225,95.8984375,0.12102542072534561,0.31753110885620117,0.701814591884613,0.06261418759822845,0.22808758914470673,0.05707501620054245,6.541849434375763
0,0,254,1.4214041233062744,71.417236328125,1.7465429306030273,65.80429077148438,0.818845272064209,90.234375,0.3959444463253021,0.34875938296318054,0.7393488883972168,0.05953054502606392,0.17837689816951752,0.10655853152275085,5.8153110183775425
0,0,255,1.9838823080062866,28.301239013671875,2.1898350715637207,24.700927734375,1.6967717409133911,0.0843653529882431,5.9548544734716415
0,0,256,2.0359442234039307,57.3883056640625,1.7278199195861816,46.9818115234375,0.7301385402679443,83.203125,0.6115586757659912,0.4812212586402893,0.6616862416267395,0.12962296605110168,0.23165251314640045,0.08546765148639679,6.695111989974976
0,0,257,2.2560784816741943,35.935211181640625,2.102938652038574,64.19219970703125,0.8910773992538452,88.57421875,0.41514843702316284,0.42443183064460754,0.7056337594985962,0.06943921744823456,0.28768864274024963,0.07767428457736969,7.230110704898834
0,0,258,1.3052681684494019,48.786163330078125,2.0681076049804688,38.135528564453125,0.9737852811813354,89.2578125,0.3385204076766968,0.3290039598941803,0.728905200958252,0.11645953357219696,0.2751707136631012,0.1051439568400383,6.2403648272156715
0,0,259,1.8258676528930664,14.711761474609375,2.3971099853515625,65.23056030273438,0.28834855556488037,0.0736544132232666,4.584980607032776
0,0,260,0.0,61.777496337890625,1.558475375175476,74.1485595703125,0.5248058438301086,93.26171875,0.11479174345731735,0.3363826870918274,0.6915932893753052,0.07988268882036209,0.25826483964920044,nan,nan
0,0,261,2.2426280975341797,60.118865966796875,1.8718063831329346,66.8121337890625,0.4499742090702057,81.34765625,0.5350866913795471,0.5758650898933411,0.6619976162910461,0.2175128310918808,0.25788670778274536,0.09531223773956299,6.908069863915443
0,0,262,1.1139414310455322,56.858062744140625,1.809845209121704,51.84326171875,0.8500663042068481,85.15625,0.49762842059135437,0.6010201573371887,0.654853880405426,0.13562673330307007,0.3467058837413788,0.07329708337783813,6.082985103130341
0,0,263,1.154268741607666,44.678497314453125,1.9825866222381592,56.6741943359375,0.8749219179153442,92.48046875,0.23942968249320984,0.31428706645965576,0.6636200547218323,0.05348910018801689,0.23092761635780334,0.07833357900381088,5.591864380985498
0,0,264,1.225105881690979,50.61492919921875,1.9876612424850464,71.74301147460938,1.4389560222625732,0.08614157140254974,4.737864717841148
0,0,265,1.5246673822402954,54.22210693359375,1.8710880279541016,58.63494873046875,0.569357693195343,87.109375,0.476776659488678,0.46239200234413147,0.6544600129127502,0.07181674987077713,0.2339543104171753,0.11424814164638519,5.978760980069637
0,0,266,1.7927687168121338,77.490234375,1.6844146251678467,60.54534912109375,0.8391842842102051,91.69921875,0.2984762191772461,0.28241920471191406,0.6670456528663635,0.10458803921937943,0.2755512595176697,0.0809624046087265,6.025410406291485
0,0,267,2.150207281112671,48.236846923828125,2.100180149078369,45.379638671875,1.595203161239624,87.01171875,0.1596713662147522,0.34759464859962463,0.6996217966079712,0.09150951355695724,0.24375493824481964,0.0678042471408844,7.455547101795673
0,0,268,2.1990113258361816,45.014190673828125,2.0782079696655273,42.2027587890625,1.4218814373016357,79.8828125,0.6746234893798828,0.7705001831054688,0.6579727530479431,0.16267827153205872,0.35276201367378235,0.06444236636161804,8.382079809904099
0,0,269,1.5120309591293335,59.96551513671875,1.7216006517410278,56.273651123046875,0.5988247394561768,89.453125,0.3063260316848755,0.41830992698669434,0.6794912815093994,0.13761132955551147,0.4400659501552582,0.046945035457611084,5.861205905675888
0,0,270,1.6836518049240112,47.47467041015625,1.7380852699279785,45.691680908203125,0.7214407920837402,90.91796875,0.2249647080898285,0.3134268820285797,0.6679219603538513,0.06928160786628723,0.24078017473220825,0.058926183730363846,5.718479383736849
0,0,271,1.5565775632858276,43.74542236328125,2.1507811546325684,62.596893310546875,0.6222658157348633,92.67578125,0.16671860218048096,0.28767403960227966,0.6673895716667175,0.021909048780798912,0.17477020621299744,0.06162697821855545,5.709712980315089
0,0,272,1.6076500415802002,43.724822998046875,1.9015676975250244,46.620941162109375,1.5396472215652466,85.9375,0.31216663122177124,0.5055230259895325,0.6912332773208618,0.08948419243097305,0.3062106668949127,0.08213711529970169,7.035619869828224
0,0,273,1.6141594648361206,43.138885498046875,1.986994981765747,62.801361083984375,0.43438833951950073,92.7734375,0.23962032794952393,0.3012516498565674,0.6918807625770569,0.08602620661258698,0.17147405445575714,0.06323487311601639,5.589030660688877
0,0,274,2.573981523513794,44.788360595703125,2.2404730319976807,52.7801513671875,0.7492138743400574,95.80078125,0.09732675552368164,0.217641681432724,0.6728666424751282,0.006987974047660828,0.07950807362794876,0.06131778284907341,6.699317339807749
0,0,275,1.6800823211669922,38.8153076171875,2.0463385581970215,43.483734130859375,0.8288079500198364,89.6484375,0.3371468186378479,0.4659731984138489,0.6933286786079407,0.0570082888007164,0.19834107160568237,0.08412867039442062,6.391155555844307
0,0,276,1.733920693397522,35.604095458984375,1.908623456954956,51.456451416015625,0.6265935897827148,89.35546875,0.35307633876800537,0.3764062523841858,0.6658019423484802,0.08642513304948807,0.26919710636138916,0.0804007351398468,6.100445248186588
0,0,277,0.39690855145454407,55.36041259765625,1.4481505155563354,40.3533935546875,0.7362574338912964,89.16015625,0.34444671869277954,0.3508491516113281,0.6392210721969604,0.10100198537111282,0.22054871916770935,0.039947524666786194,4.277331672608852
0,0,278,2.2706966400146484,69.818115234375,1.6178522109985352,52.508544921875,0.6194042563438416,82.03125,0.3862610459327698,0.4762812852859497,0.6689850687980652,0.20254305005073547,0.18709668517112732,0.11642954498529434,6.545549787580967
0,0,279,2.028240203857422,64.33258056640625,1.8050763607025146,53.441619873046875,0.9784740209579468,83.88671875,0.5091542601585388,0.5164293050765991,0.6109875440597534,0.1217828169465065,0.23973512649536133,0.06935619562864304,6.8792358338832855
0,0,280,1.6382362842559814,56.8115234375,1.8622875213623047,51.772308349609375,0.6490882635116577,81.4453125,0.5552746653556824,0.6002815961837769,0.6922040581703186,0.18505597114562988,0.3299425542354584,0.08414702117443085,6.596517935395241
0,0,281,1.5138596296310425,69.42138671875,1.7619080543518066,64.92843627929688,0.6993144750595093,85.9375,0.49557480216026306,0.39885562658309937,0.6712904572486877,0.12644049525260925,0.18260936439037323,0.14152474701404572,5.991377651691437
0,0,282,1.6995102167129517,54.7698974609375,1.7135663032531738,44.537353515625,0.9500887393951416,87.01171875,0.38818615674972534,0.4406723380088806,0.6642953753471375,0.07666053622961044,0.18932077288627625,0.06267203390598297,6.18497247248888
0,0,283,0.2664327323436737,49.80010986328125,1.950354814529419,28.86199951171875,1.1683928966522217,85.25390625,0.4959128797054291,0.4696986675262451,0.677342414855957,0.19239415228366852,0.1919066458940506,0.0876069888472557,5.50004219263792
0,0,284,1.9031256437301636,36.231231689453125,2.0345566272735596,46.8719482421875,0.9530837535858154,85.546875,0.48112282156944275,0.4967876076698303,0.6712466478347778,0.11057256162166595,0.28367507457733154,0.1035991758108139,7.037769913673401
0,0,285,1.5322515964508057,46.78192138671875,1.6469905376434326,47.690582275390625,1.0449236631393433,84.375,0.32657390832901,0.6099202036857605,0.6740700602531433,0.20020556449890137,0.4605928957462311,0.07068626582622528,6.566214695572853
0,0,286,0.9238962531089783,54.668426513671875,1.3493895530700684,54.1351318359375,0.7949753999710083,89.94140625,0.2694794535636902,0.3270117938518524,0.6787880659103394,0.136796236038208,0.3357068598270416,0.06352736800909042,4.879570983350277
0,0,287,0.782127320766449,62.92724609375,1.7313148975372314,62.152099609375,0.7562445402145386,89.94140625,0.24189814925193787,0.49403831362724304,0.6957921385765076,0.1638716161251068,0.3148607909679413,0.10323134064674377,5.283379107713699
0,0,288,1.4803436994552612,36.667633056640625,1.8428757190704346,38.016510009765625,0.429944783449173,80.95703125,0.7114592790603638,0.6405245661735535,0.6853860020637512,0.1453099548816681,0.3666650354862213,0.07003020495176315,6.37253924459219
0,0,289,0.9326759576797485,68.87435913085938,1.622983455657959,74.755859375,0.7854436635971069,95.60546875,0.16710898280143738,0.1760895550251007,0.7267497181892395,0.015275143086910248,0.13127553462982178,0.08125213533639908,4.638854146003723
0,0,290,1.8090479373931885,44.214630126953125,1.9357755184173584,51.77154541015625,0.7905504703521729,82.71484375,0.5170561075210571,0.5462473630905151,0.6624698638916016,0.17192907631397247,0.29052451252937317,0.07300340384244919,6.796604253351688
0,0,291,0.8137478828430176,46.628570556640625,1.9127044677734375,52.510833740234375,0.5791796445846558,91.89453125,0.31238096952438354,0.3518993854522705,0.6607798337936401,0.08066238462924957,0.29007720947265625,0.06658201664686203,5.068013794720173
0,0,292,1.438109040260315,15.628814697265625,2.257439613342285,35.265350341796875,1.3777716159820557,95.703125,0.17342543601989746,0.27426645159721375,0.7001190185546875,0.013502677902579308,0.16488784551620483,0.0924350693821907,6.491956768557429
0,0,293,1.5013178586959839,68.99337768554688,1.6378185749053955,71.29669189453125,0.581003725528717,95.99609375,0.15785099565982819,0.1538991928100586,0.6487231850624084,0.022650020197033882,0.06339947879314423,0.11790525168180466,4.884568283334374
0,0,294,1.1766620874404907,38.8824462890625,2.0897555351257324,28.440093994140625,1.8311461210250854,0.05616775527596474,5.153731498867273
0,0,295,2.260103225708008,59.5001220703125,1.7486371994018555,48.67095947265625,1.3305647373199463,83.49609375,0.558504581451416,0.5296315550804138,0.6746224164962769,0.1458878070116043,0.20948930084705353,0.0808788314461708,7.538319654762745
0,0,296,1.696854829788208,67.79327392578125,1.563722848892212,38.3819580078125,1.5102994441986084,0.05314052850008011,4.824017651379108
0,0,297,2.2883851528167725,64.4195556640625,1.7967609167099,67.13714599609375,1.3864271640777588,88.18359375,0.3202756643295288,0.43870341777801514,0.6431177258491516,0.12482200562953949,0.3126451373100281,0.0774674266576767,7.388604611158371
0,0,298,1.094307780265808,56.4788818359375,2.028709888458252,65.85464477539062,0.48675259947776794,94.7265625,0.20661470293998718,0.21948055922985077,0.6426532864570618,0.06442546844482422,0.1722232550382614,0.08902455121278763,5.004192091524601
0,0,299,2.162858724594116,45.247650146484375,1.863119125366211,62.6434326171875,1.2758049964904785,0.109474778175354,5.41125762462616
0,0,300,1.6069698333740234,58.493804931640625,1.815429925918579,51.525115966796875,1.3559002876281738,85.15625,0.48551928997039795,0.4462288022041321,0.6950228810310364,0.105292908847332,0.27946963906288147,0.08114439994096756,6.870977967977524
0,0,301,2.4558558464050293,28.00750732421875,2.3099801540374756,23.8677978515625,1.8505287170410156,88.37890625,0.343219518661499,0.4758632779121399,0.7384224534034729,0.07644686847925186,0.2527879774570465,0.07991638034582138,8.583021193742752
0,0,302,2.25364089012146,29.679107666015625,2.287871837615967,23.8372802734375,1.4542570114135742,nan,nan
0,0,303,2.7362639904022217,46.2005615234375,2.066223621368408,51.828765869140625,0.9085888862609863,81.0546875,0.5060795545578003,0.640740156173706,0.6517381072044373,0.17319123446941376,0.39088475704193115,0.07018851488828659,8.143898822367191
0,0,304,0.0,66.20712280273438,1.5770599842071533,62.48931884765625,1.122150182723999,97.4609375,0.11037634313106537,0.10954196006059647,0.6473990678787231,0.007021431811153889,0.11843328922986984,0.050883591175079346,3.7428658502176404
0,0,305,1.7223106622695923,50.568389892578125,1.9176563024520874,41.371917724609375,1.2049274444580078,81.4453125,0.5667327642440796,0.518917977809906,0.642841637134552,0.2032547891139984,0.26074498891830444,0.12224558740854263,7.159632153809071
0,0,306,1.4846384525299072,62.530517578125,1.8546063899993896,41.330718994140625,1.294273853302002,0.09130912274122238,4.724827818572521
0,0,307,1.6269725561141968,68.55392456054688,1.6696908473968506,66.60919189453125,0.3079705238342285,89.0625,0.37020638585090637,0.414705365896225,0.6665364503860474,0.08041147887706757,0.2065611481666565,0.10623611509799957,5.449290871620178
0,0,308,2.1392335891723633,46.82464599609375,2.090982437133789,65.12298583984375,0.4769512712955475,0.04261859878897667,4.7497858963906765
0,0,309,2.5353446006774902,36.67144775390625,2.1533687114715576,43.235015869140625,1.554868221282959,85.64453125,0.23920215666294098,0.46603041887283325,0.6773638129234314,0.09851422160863876,0.3182908594608307,0.10762651264667511,8.150609515607357
0,0,310,1.6389254331588745,46.195220947265625,1.7590913772583008,59.87396240234375,0.5523832440376282,91.89453125,0.1905677616596222,0.3319409489631653,0.6841166019439697,0.16180582344532013,0.3390978276729584,0.10736732929944992,5.765296347439289
0,0,311,2.0125892162323,58.586883544921875,1.796417236328125,60.726165771484375,1.4842219352722168,90.234375,0.4071226119995117,0.32805994153022766,0.6130536794662476,0.05860438197851181,0.16369320452213287,0.08258508145809174,6.946347288787365
0,0,312,2.101585626602173,59.621429443359375,1.7966129779815674,59.970855712890625,0.4506528377532959,0.0953085795044899,4.444160021841526
0,0,313,2.084486722946167,43.22357177734375,1.9117615222930908,52.591705322265625,1.0373938083648682,0.07998237758874893,5.113624431192875
0,0,314,0.33776724338531494,54.674530029296875,1.7210392951965332,72.05123901367188,0.270550400018692,91.30859375,0.33671900629997253,0.2860589623451233,0.677532434463501,0.038572728633880615,0.18578311800956726,0.10089874267578125,3.954921931028366
0,0,315,2.3764665126800537,45.684051513671875,1.9118682146072388,63.1500244140625,0.6043796539306641,89.16015625,0.3203476667404175,0.4144834876060486,0.6536557674407959,0.15561604499816895,0.5291804671287537,0.10480819642543793,7.070806011557579
0,0,316,2.2792437076568604,59.983062744140625,1.8764393329620361,70.01724243164062,0.8318449854850769,80.6640625,0.537189245223999,0.5893779993057251,0.6491824388504028,0.18082888424396515,0.21290501952171326,0.096736840903759,7.253748454153538
0,0,317,2.209160089492798,51.325225830078125,2.0910778045654297,39.511871337890625,1.7955536842346191,0.07548848539590836,6.171280063688755
0,0,318,1.9269523620605469,78.68804931640625,1.4928542375564575,76.88217163085938,1.0566413402557373,85.3515625,0.33010077476501465,0.4875621199607849,0.6570765376091003,0.056965988129377365,0.21836791932582855,0.10815116763114929,6.334672447293997
0,0,319,1.7684701681137085,29.123687744140625,2.1421399116516113,48.39935302734375,1.4297891855239868,91.2109375,0.3520168364048004,0.4099369943141937,0.6500224471092224,0.09935125708580017,0.2094726413488388,0.0730404481291771,7.134239889681339
0,0,320,1.604788064956665,46.26617431640625,1.954025149345398,46.441650390625,0.5125956535339355,0.10273623466491699,4.1741451025009155
0,0,321,1.9494209289550781,64.923095703125,1.5626200437545776,56.520843505859375,1.140777349472046,89.16015625,0.39887046813964844,0.36315232515335083,0.6803657412528992,0.09226341545581818,0.13272349536418915,0.10699831694364548,6.427192084491253
0,0,322,1.4474469423294067,44.75860595703125,1.675479531288147,45.778656005859375,0.12983274459838867,85.83984375,0.5267558097839355,0.4079611897468567,0.6628126502037048,0.13500216603279114,0.30127421021461487,0.10561449080705643,5.392179735004902
0,0,323,2.0961251258850098,43.72711181640625,1.9650158882141113,42.26837158203125,1.0281280279159546,83.203125,0.46844494342803955,0.5276172161102295,0.635901153087616,0.15905684232711792,0.46959295868873596,0.07705964893102646,7.426941804587841
0,0,324,1.308281421661377,48.773956298828125,1.5311594009399414,59.3719482421875,0.6163341403007507,83.984375,0.585192084312439,0.5684779286384583,0.6752288341522217,0.10551100224256516,0.3555382490158081,0.13287678360939026,5.8785998448729515
0,0,325,1.658332109451294,65.05050659179688,1.5628094673156738,61.35101318359375,1.3876110315322876,90.72265625,0.23727329075336456,0.32313069701194763,0.7100074887275696,0.07702643424272537,0.17111781239509583,0.07438968122005463,6.201698012650013
0,0,326,1.755540132522583,60.633087158203125,1.7182855606079102,58.795928955078125,0.6020300388336182,84.86328125,0.5383173227310181,0.5373176336288452,0.641156017780304,0.13380572199821472,0.3149385154247284,0.11788366734981537,6.359274610877037
0,0,327,2.616288900375366,67.49725341796875,1.4014909267425537,53.490447998046875,0.6219456195831299,nan,nan
0,0,328,1.914509654045105,53.45611572265625,1.7921302318572998,61.721038818359375,0.5478318333625793,89.74609375,0.37937402725219727,0.27714240550994873,0.7004737257957458,0.06285832077264786,0.1633552610874176,nan,nan
0,0,329,1.6564594507217407,28.1585693359375,2.135852336883545,35.388946533203125,0.8735731840133667,nan,nan
0,0,330,0.6311938166618347,76.28097534179688,1.3634145259857178,64.52560424804688,0.5364094972610474,95.1171875,0.20557546615600586,0.1586509346961975,0.6205486059188843,0.012223171070218086,0.05165760964155197,0.08328435570001602,3.6629579830914736
0,0,331,1.9880558252334595,61.017608642578125,1.6983871459960938,54.274749755859375,1.5579701662063599,76.07421875,0.7098569273948669,0.6705012917518616,0.6391422748565674,0.21695750951766968,0.38232576847076416,0.09898793697357178,7.962184846401215
0,0,332,1.5349493026733398,51.546478271484375,1.572801113128662,48.28033447265625,0.9324847459793091,84.27734375,0.4326937198638916,0.5181586742401123,0.6286641955375671,0.03433636575937271,0.16474410891532898,0.08444984257221222,5.903282068669796
0,0,333,2.235896110534668,46.112060546875,1.8313279151916504,48.438262939453125,0.16953158378601074,0.10432952642440796,4.341085135936737
0,0,334,1.5224910974502563,62.43743896484375,1.7551088333129883,54.517364501953125,0.9596209526062012,83.203125,0.6262348294258118,0.5285224914550781,0.6387721300125122,0.11296716332435608,0.2554203271865845,0.09005904197692871,6.489196866750717
0,0,335,1.3266924619674683,59.542083740234375,1.8006267547607422,46.2432861328125,1.0300215482711792,89.16015625,0.3714061379432678,0.3518168330192566,0.65814208984375,0.05004642531275749,0.12739770114421844,0.10076776891946793,5.816917721182108
0,0,336,1.802588701248169,68.58749389648438,1.4353654384613037,55.3802490234375,0.6508102416992188,91.69921875,0.3122991919517517,0.28645527362823486,0.6590836048126221,0.06890730559825897,0.18598802387714386,0.06632213294506073,5.467819914221764
0,0,337,0.0,49.0081787109375,2.022289276123047,46.9635009765625,1.7533506155014038,93.75,0.16577449440956116,0.26500919461250305,0.725220799446106,0.10063587129116058,0.20068684220314026,0.07151177525520325,5.304478868842125
0,0,338,1.3264375925064087,56.0028076171875,1.7881518602371216,53.395843505859375,1.4762705564498901,81.34765625,0.12215316295623779,0.5695271492004395,0.6823143362998962,0.07800990343093872,0.22429300844669342,0.07093209773302078,6.338089667260647
0,0,339,2.2334868907928467,47.74322509765625,1.8128104209899902,48.828125,0.9588986039161682,80.859375,0.617851972579956,0.5652406215667725,0.6748572587966919,0.17204688489437103,0.3440093398094177,0.07450053840875626,7.4537025317549706
0,0,340,1.3161120414733887,69.07882690429688,1.5596179962158203,59.2041015625,0.901674747467041,88.57421875,0.4623817801475525,0.4488031268119812,0.6191734075546265,0.03406795859336853,0.20952023565769196,0.06491512805223465,5.616266421973705
0,0,341,0.8226966857910156,50.853729248046875,1.844780683517456,42.17529296875,1.1357243061065674,89.0625,0.41037309169769287,0.39195287227630615,0.6120219826698303,0.09933158755302429,0.23067131638526917,0.07218793034553528,5.619740456342697
0,0,342,0.0,56.207275390625,1.3878750801086426,62.9058837890625,0.8008023500442505,94.23828125,0.23348546028137207,0.19975821673870087,0.6658324599266052,0.039665840566158295,0.12656277418136597,0.09727773815393448,3.55125992000103
0,0,343,2.1894924640655518,45.568084716796875,1.8014317750930786,36.386871337890625,1.0758126974105835,91.796875,0.3352579176425934,0.27618926763534546,0.638033390045166,0.07613754272460938,0.154584139585495,0.09662238508462906,6.643561579287052
0,0,344,2.214475154876709,52.597808837890625,1.8113664388656616,56.090545654296875,1.049953818321228,91.2109375,0.305825412273407,0.26848700642585754,0.6557013988494873,0.07712467014789581,0.1594158113002777,0.06765593588352203,6.610005646944046
0,0,345,1.931226134300232,43.511962890625,1.8508403301239014,46.73004150390625,1.1410685777664185,90.8203125,0.16770634055137634,0.42572900652885437,0.698911190032959,0.13215379416942596,0.37169331312179565,0.10950452834367752,6.828833214938641
0,0,346,1.8749477863311768,33.618927001953125,1.4540112018585205,57.3944091796875,0.8172317743301392,90.91796875,0.3301701843738556,0.3171645998954773,0.6217542290687561,0.061054471880197525,0.21691164374351501,0.08338035643100739,5.776626247912645
0,0,347,2.0095901489257812,68.52874755859375,1.560843586921692,65.0634765625,0.7668542861938477,81.73828125,0.3837894797325134,0.5693997144699097,0.691062867641449,0.08192761987447739,0.21850842237472534,0.06893296539783478,6.35090909153223
0,0,348,1.1135300397872925,51.055908203125,1.5233440399169922,56.337738037109375,0.5320411920547485,0.08531825989484787,3.254233531653881
0,0,349,2.0062501430511475,69.88372802734375,1.412796139717102,53.668975830078125,1.0163037776947021,0.12603633105754852,4.5613863915205
0,0,350,0.9081487059593201,61.5081787109375,1.7718541622161865,55.413818359375,1.33984375,87.20703125,0.5170789361000061,0.3725835680961609,0.6114115715026855,0.033968277275562286,0.12540464103221893,nan,nan
0,0,351,0.0,50.977325439453125,1.7550506591796875,44.644927978515625,0.426440566778183,94.3359375,0.17790517210960388,0.18945558369159698,0.780063807964325,0.18230636417865753,0.13604731857776642,0.08169860392808914,3.7289680764079094
0,0,352,0.8418790698051453,48.7091064453125,1.8177735805511475,48.160552978515625,0.9952554106712341,85.15625,0.4954361617565155,0.4890522360801697,0.6272275447845459,0.134698748588562,0.41406795382499695,0.06581920385360718,5.881209909915924
0,0,353,2.361232280731201,35.736083984375,1.6789488792419434,46.961212158203125,1.348982572555542,86.23046875,0.2395603209733963,0.5175542831420898,0.6763380169868469,0.12432198971509933,0.30594444274902344,nan,nan
0,0,354,0.9848552942276001,61.661529541015625,1.2308611869812012,49.524688720703125,0.7941187620162964,0.08880732953548431,3.098642572760582
0,0,355,0.7944889068603516,54.20989990234375,1.6401374340057373,55.985260009765625,0.5819341540336609,96.6796875,0.12253442406654358,0.1961987018585205,0.652052104473114,0.02696242742240429,0.1348475068807602,0.06027596816420555,4.209431627765298
0,0,356,2.528437376022339,41.193389892578125,2.1156468391418457,58.748626708984375,0.8795804381370544,0.08664180338382721,5.610306456685066
0,0,357,1.0437091588974,71.4691162109375,1.5053911209106445,53.5552978515625,0.30565840005874634,83.7890625,0.6202425956726074,0.5962802767753601,0.6153234839439392,0.15186770260334015,0.269130676984787,0.12405447661876678,5.231657892465591
0,0,358,1.7628536224365234,72.29843139648438,1.4827208518981934,51.676177978515625,0.862281084060669,80.95703125,0.6712160706520081,0.6249114871025085,0.6242806911468506,0.15363529324531555,0.23275746405124664,0.08252105861902237,6.4971776232123375
0,0,359,1.1425597667694092,53.5003662109375,1.7224597930908203,68.76983642578125,0.5854081511497498,86.328125,0.404585063457489,0.34998995065689087,0.6268970370292664,0.06713710725307465,0.21767552196979523,0.04427994787693024,5.160992339253426
0,0,360,2.110150098800659,54.95147705078125,1.710755705833435,54.669189453125,1.1125495433807373,91.40625,0.36115559935569763,0.2913522720336914,0.6449516415596008,0.04810140281915665,0.12061776220798492,0.10122975707054138,6.500863783061504
0,0,361,0.5352955460548401,64.4775390625,1.4985604286193848,43.834686279296875,1.1768664121627808,nan,nan
0,0,362,1.9387199878692627,49.362945556640625,1.7591701745986938,62.20550537109375,0.9772367477416992,84.765625,0.5015468597412109,0.5334290266036987,0.6436200141906738,0.10304655879735947,0.32749173045158386,0.08325172960758209,6.867512829601765
0,0,363,1.727856993675232,51.290130615234375,1.9371087551116943,50.97198486328125,0.70108962059021,84.5703125,0.5568389892578125,0.5275155305862427,0.6327728033065796,0.13475529849529266,0.3276575207710266,0.09291204065084457,6.638507552444935
0,0,364,2.766524076461792,62.879180908203125,1.5841962099075317,50.37689208984375,0.8352289199829102,79.1015625,0.7014420032501221,0.5763930678367615,0.6437468528747559,0.20049583911895752,0.28243401646614075,0.07728303968906403,7.667744025588036
0,0,365,0.33716386556625366,65.52047729492188,1.53119957447052,64.41574096679688,1.0968360900878906,86.5234375,0.44916868209838867,0.3785383403301239,0.6441564559936523,0.11658188700675964,0.11403796821832657,nan,nan
0,0,366,2.3142073154449463,58.099365234375,1.7519720792770386,61.1328125,1.0859730243682861,0.08494724333286285,5.237099662423134
0,0,367,2.016026258468628,36.92169189453125,2.1397147178649902,55.65643310546875,0.948547899723053,0.060021016746759415,5.164309892803431
0,0,368,1.5956591367721558,57.122039794921875,1.5269150733947754,45.39337158203125,0.6354365348815918,80.6640625,0.5715012550354004,0.7818068861961365,0.6511932611465454,0.187850683927536,0.21403123438358307,0.07486286759376526,6.23925693333149
0,0,369,0.5845507979393005,59.56878662109375,1.621970534324646,53.167724609375,0.8350659012794495,91.11328125,0.3166086673736572,0.285589337348938,0.7426354289054871,0.08662141859531403,0.21952198445796967,0.10895001143217087,4.801514081656933
0,0,370,1.7275844812393188,48.375701904296875,1.8508007526397705,58.489990234375,0.6658989191055298,76.5625,0.6599806547164917,0.8514946103096008,0.6499403715133667,0.20388160645961761,0.30587953329086304,0.1041354313492775,7.0195963606238365
0,0,371,1.036582350730896,55.683135986328125,1.6094824075698853,65.692138671875,0.48965781927108765,89.74609375,0.181904137134552,0.41447728872299194,0.7223583459854126,0.11669208109378815,0.29656341671943665,nan,nan
0,0,372,1.7722342014312744,68.66531372070312,1.5193500518798828,69.45648193359375,0.9578129649162292,76.953125,0.6793209314346313,0.5803819894790649,0.6478098034858704,0.17244166135787964,0.15764500200748444,0.09732263535261154,6.584319241344929
0,0,373,0.6745275855064392,61.392974853515625,1.7677912712097168,53.540802001953125,1.0326058864593506,95.5078125,0.14387699961662292,0.2234247326850891,0.6774678230285645,0.04452529922127724,0.16035671532154083,0.1360931396484375,4.860669452697039
0,0,374,1.590723991394043,67.06695556640625,1.631962537765503,60.041046142578125,0.8997794389724731,87.6953125,0.42245399951934814,0.42494869232177734,0.6642307043075562,0.15413327515125275,0.2399938553571701,0.08164829760789871,6.109874792397022
0,0,375,1.6137306690216064,51.349639892578125,1.7173949480056763,56.693267822265625,1.0196106433868408,84.765625,0.41772595047950745,0.5638336539268494,0.6483699083328247,0.12360237538814545,0.28766894340515137,0.10552999377250671,6.497467085719109
0,0,376,1.3872473239898682,47.728729248046875,1.8567386865615845,57.25555419921875,0.24912354350090027,79.00390625,0.7576051950454712,0.6182913780212402,0.6356512904167175,0.15764294564723969,0.29217976331710815,0.11128538101911545,6.065765507519245
0,0,377,1.0016926527023315,43.039703369140625,1.8022838830947876,56.71234130859375,0.5693134665489197,84.5703125,0.444885790348053,0.5296186208724976,0.639528751373291,0.16191616654396057,0.31693291664123535,0.07760113477706909,5.543773382902145
0,0,378,2.129833698272705,39.019012451171875,2.115917205810547,56.986236572265625,0.8535076975822449,80.46875,0.4620751440525055,0.6842257976531982,0.6578361392021179,0.25394636392593384,0.48751169443130493,0.06510095298290253,7.70995469391346
0,0,379,1.1468037366867065,66.89987182617188,1.4982285499572754,56.3507080078125,0.6028317809104919,89.16015625,0.2749214768409729,0.4283360242843628,0.630976676940918,0.08592505007982254,0.20847301185131073,0.049378957599401474,4.925875265151262
0,0,380,2.3189778327941895,57.6019287109375,1.6342382431030273,59.70611572265625,1.166581153869629,78.3203125,0.7347435355186462,0.7053841948509216,0.6325070261955261,0.13389742374420166,0.3600797653198242,0.11317727714776993,7.7995864525437355
0,0,381,2.6341195106506348,42.002105712890625,1.8025646209716797,35.6781005859375,1.5494847297668457,0.07899931818246841,6.065168179571629
0,0,382,1.0936583280563354,64.45465087890625,1.3468283414840698,59.185791015625,1.1998218297958374,90.72265625,0.24797962605953217,0.3587890863418579,0.6568383574485779,0.04221488907933235,0.174869105219841,nan,nan
0,0,383,3.064767360687256,66.14761352539062,1.5960149765014648,67.46673583984375,0.5470621585845947,83.69140625,0.4767458438873291,0.43604356050491333,0.6519333720207214,0.05816777050495148,0.15216578543186188,0.10378967225551605,7.086690500378609
0,0,384,1.5744932889938354,61.591339111328125,1.3605612516403198,62.17803955078125,0.9900771379470825,84.765625,0.5402941703796387,0.4948856234550476,0.6470372676849365,0.143662229180336,0.23140022158622742,0.09971578419208527,6.082126975059509
0,0,385,2.241403102874756,61.264801025390625,1.72249436378479,60.73455810546875,0.41727784276008606,81.4453125,0.6646530628204346,0.5162113904953003,0.6293985247612,0.17627765238285065,0.3037906885147095,0.10950382053852081,6.781010448932648
0,0,386,1.9739793539047241,49.301910400390625,1.7275539636611938,49.280548095703125,1.4125399589538574,81.34765625,0.5373607873916626,0.6711055040359497,0.637298047542572,0.10740988701581955,0.2753339409828186,0.052598580718040466,7.395180024206638
0,0,387,1.7180120944976807,48.9532470703125,1.6551151275634766,56.027984619140625,1.2690670490264893,83.7890625,0.555883526802063,0.528999924659729,0.6256321668624878,0.21885336935520172,0.28601643443107605,0.055511392652988434,6.9130910858511925
0,0,388,1.1872576475143433,47.765350341796875,1.6535305976867676,57.23876953125,1.1194820404052734,84.765625,0.596483588218689,0.5076324343681335,0.5879583358764648,0.16486872732639313,0.40407615900039673,0.10001006722450256,6.321299597620964
0,0,389,1.515865683555603,51.81427001953125,1.6411648988723755,37.92572021484375,1.1624119281768799,94.04296875,0.24528028070926666,0.18147315084934235,0.5648558735847473,0.05305110663175583,0.13074636459350586,0.055278100073337555,5.550127387046814
0,0,390,1.8707923889160156,48.000335693359375,1.9353770017623901,66.96090698242188,0.8904277682304382,80.56640625,0.548858642578125,0.5952863693237305,0.6441348195075989,0.13040637969970703,0.322724848985672,0.09137171506881714,7.0293799340724945
0,0,391,1.6002315282821655,68.50814819335938,1.3945926427841187,68.08242797851562,0.6118348836898804,80.078125,0.6610475778579712,0.6299338936805725,0.6504671573638916,0.10859605669975281,0.20694155991077423,0.10825521498918533,5.971900515258312
0,0,392,1.059806227684021,50.235748291015625,1.5713870525360107,35.248565673828125,0.8729019165039062,82.6171875,0.5634924173355103,0.6175028681755066,0.6777471303939819,0.1100921481847763,0.24406372010707855,0.08354316651821136,5.800536647439003
0,0,393,1.0092591047286987,68.20449829101562,1.5249228477478027,74.41177368164062,0.468135267496109,79.39453125,0.7778482437133789,0.6444562077522278,0.5955425500869751,0.09147676825523376,0.26381585001945496,0.07174178212881088,5.447198621928692
0,0,394,1.0126394033432007,56.1553955078125,1.6141226291656494,56.35986328125,0.912990391254425,75.29296875,0.7387820482254028,0.7009185552597046,0.6134514808654785,0.19600072503089905,0.3978939652442932,0.10567809641361237,6.292477294802666
0,0,395,2.4746901988983154,65.03219604492188,1.2966012954711914,55.381011962890625,0.4372172951698303,89.55078125,0.40105125308036804,0.4064435660839081,0.6523491144180298,0.0980944037437439,0.22332550585269928,0.09010070562362671,6.079873338341713
0,0,396,1.75099778175354,61.29608154296875,1.7007489204406738,64.87274169921875,1.2601020336151123,87.890625,0.36793383955955505,0.5012413263320923,0.6526294946670532,0.10958755016326904,0.2689594328403473,0.10982591658830643,6.7220262959599495
0,0,397,1.2843692302703857,72.784423828125,1.4740638732910156,70.48263549804688,0.09260345250368118,93.1640625,0.18921488523483276,0.2519615888595581,0.5881746411323547,0.06189848482608795,0.3881553113460541,0.07917258888483047,4.409614056348801
0,0,398,0.0,48.461151123046875,1.8117353916168213,58.3648681640625,0.4691336154937744,83.59375,0.3733952045440674,0.4837445020675659,0.6625062823295593,0.08549697697162628,0.2735220789909363,0.09586016088724136,4.255394212901592
0,0,399,1.8882884979248047,48.5565185546875,1.7575814723968506,61.083221435546875,0.8828099966049194,82.2265625,0.5870823860168457,0.5529833436012268,0.6947071552276611,0.23280911147594452,0.3186832070350647,0.09765426069498062,7.012599430978298
0,0,400,2.0016398429870605,65.28396606445312,1.5886900424957275,62.836456298828125,0.4603508412837982,80.078125,0.3534035086631775,0.4738539457321167,0.6312114596366882,0.17638075351715088,0.2679223120212555,0.10092535614967346,6.054378062486649
0,0,401,2.180358648300171,39.676666259765625,1.6707268953323364,63.067626953125,0.7012292146682739,92.48046875,0.2855260372161865,0.3807501792907715,0.625005304813385,0.03824372589588165,0.19970634579658508,0.08235534280538559,6.163901694118977
0,0,402,0.0,63.959503173828125,1.5601520538330078,59.058380126953125,1.315131664276123,0.07189799845218658,2.9471817165613174
0,0,403,1.8495874404907227,32.553863525390625,2.459290027618408,42.465972900390625,1.5611788034439087,90.72265625,0.2929903566837311,0.3294312357902527,0.6441067457199097,0.05548301711678505,0.20459994673728943,0.08249618113040924,7.479163754731417
0,0,404,2.0147314071655273,69.268798828125,1.1772040128707886,61.41510009765625,0.2547682225704193,89.74609375,0.40627437829971313,0.2814340889453888,0.662115216255188,0.07143330574035645,0.15230625867843628,0.10647569596767426,5.126742586493492
0,0,405,0.5269046425819397,60.43548583984375,1.570643424987793,54.523468017578125,0.5330592393875122,84.27734375,0.5072627067565918,0.46460312604904175,0.6455755829811096,0.1187829077243805,0.18468709290027618,0.14628440141677856,4.697803124785423
0,0,406,2.011483907699585,54.17938232421875,1.7172911167144775,66.17660522460938,0.4378792643547058,86.23046875,0.5630807876586914,0.4544350504875183,0.5805233716964722,0.0925770178437233,0.27921104431152344,0.09214680641889572,6.228628367185593
0,0,407,1.0108364820480347,58.696746826171875,1.5136772394180298,60.17913818359375,0.7519257068634033,89.0625,0.4078814387321472,0.42048314213752747,0.6397565007209778,0.07294683158397675,0.2386079579591751,0.09366559982299805,5.14978089928627
0,0,408,1.832399606704712,50.582122802734375,1.7815155982971191,58.750152587890625,0.9579634666442871,77.44140625,0.7068253755569458,0.7749285697937012,0.6333830952644348,0.20366546511650085,0.2570296823978424,0.09326883405447006,7.240979693830013
0,0,409,1.5460188388824463,60.907745361328125,1.3836661577224731,57.578277587890625,0.6645477414131165,81.8359375,0.6351913213729858,0.5185535550117493,0.583329439163208,0.09387082606554031,0.1628270447254181,0.07554478198289871,5.663549706339836
0,0,410,1.5381685495376587,61.002349853515625,1.650803565979004,58.922576904296875,1.187212347984314,86.03515625,0.4039803743362427,0.5131620764732361,0.6219108700752258,0.1706664115190506,0.500921368598938,nan,nan
0,0,411,1.3466812372207642,52.45513916015625,1.6660940647125244,51.78070068359375,1.5552339553833008,85.9375,0.29132547974586487,0.5091043710708618,0.6275416016578674,0.09253732860088348,0.2875458896160126,0.08706352114677429,6.463127449154854
0,0,412,2.1349449157714844,58.643341064453125,1.5618469715118408,49.909210205078125,0.6767227053642273,79.58984375,0.45179373025894165,0.6130771636962891,0.6496009230613708,0.061581410467624664,0.24710530042648315,0.10729368031024933,6.503966800868511
0,0,413,2.1961796283721924,70.79086303710938,1.507187843322754,69.01702880859375,1.0768126249313354,82.32421875,0.505226731300354,0.5139922499656677,0.6480123996734619,0.17158113420009613,0.2918539047241211,0.11154550313949585,7.0223920196294785
0,0,414,1.79414963722229,65.25650024414062,1.5380706787109375,50.279998779296875,0.779790997505188,77.63671875,0.7562644481658936,0.7253527045249939,0.6311877965927124,0.15450327098369598,0.2847614884376526,0.08760132640600204,6.751682348549366
0,0,415,1.1072715520858765,64.88800048828125,1.3650567531585693,64.30587768554688,0.5020796656608582,81.4453125,0.4090706706047058,0.532883882522583,0.6362292766571045,0.05237247049808502,0.23819208145141602,0.040026549249887466,4.883182901889086
0,0,416,0.0,57.163238525390625,1.8587716817855835,63.271331787109375,0.48900479078292847,91.796875,0.32760781049728394,0.3202593922615051,0.6435127258300781,0.06531868129968643,0.15915793180465698,0.11255841702222824,3.976191431283951
0,0,417,1.819261908531189,65.765380859375,1.5103938579559326,48.612213134765625,0.6163889765739441,81.34765625,0.3933969736099243,0.5136784315109253,0.6548956036567688,0.09037873893976212,0.2153681069612503,0.0804993063211441,5.894261904060841
0,0,418,1.8746217489242554,61.7919921875,1.5084352493286133,63.42010498046875,0.45430898666381836,0.08156900107860565,3.9189349859952927
0,0,419,1.735488772392273,68.66531372070312,1.418791651725769,68.951416015625,1.3655802011489868,81.15234375,0.703176736831665,0.6646512150764465,0.6046064496040344,0.1290796399116516,0.27076128125190735,0.07895900309085846,6.971094951033592
0,0,420,0.9890824556350708,61.896514892578125,1.5328140258789062,62.8662109375,0.4281703233718872,85.25390625,0.4483087658882141,0.452199786901474,0.6631237268447876,0.10376492142677307,0.2668190896511078,0.13087980449199677,5.015162900090218
0,0,421,0.3074706494808197,45.61309814453125,1.7549114227294922,60.75897216796875,0.2757764458656311,90.625,0.37962937355041504,0.31558993458747864,0.6005597710609436,0.07005778700113297,0.2750312387943268,0.05854661017656326,4.037573233246803
0,0,422,1.5517864227294922,45.599365234375,1.7150065898895264,55.178070068359375,1.0226259231567383,84.47265625,0.48034238815307617,0.5056047439575195,0.6184529662132263,0.0940195769071579,0.23469050228595734,0.09976652264595032,6.322295635938644
0,0,423,2.2751216888427734,60.007476806640625,1.5659722089767456,57.476043701171875,0.6089953184127808,85.546875,0.5066260099411011,0.40642866492271423,0.6170337796211243,0.08618654310703278,0.17108872532844543,0.10969000309705734,6.347142942249775
0,0,424,0.93104487657547,52.82440185546875,1.3464003801345825,57.590484619140625,0.553301215171814,86.81640625,0.5470149517059326,0.3792269229888916,0.5782277584075928,0.06926832348108292,0.22099871933460236,0.0698772594332695,4.695360407233238
0,0,425,1.9564536809921265,68.609619140625,1.5006365776062012,74.468994140625,0.49148526787757874,87.6953125,0.38601210713386536,0.3702542185783386,0.6231443881988525,0.08821924030780792,0.1633310616016388,0.08766204863786697,5.667198590934277
0,0,426,0.7910993695259094,63.848876953125,1.352489948272705,56.54754638671875,0.9697588682174683,90.0390625,0.3812010884284973,0.38978421688079834,0.6191732883453369,0.04385983571410179,0.17388217151165009,0.10337040573358536,4.824619192630053
0,0,427,2.191228151321411,64.35012817382812,1.2648239135742188,49.622344970703125,0.5686606168746948,95.99609375,0.15372255444526672,0.1492886245250702,0.6832976937294006,0.03730176389217377,0.08412709832191467,0.0972621887922287,5.229712605476379
0,0,428,2.3934409618377686,45.93353271484375,1.9035152196884155,65.59066772460938,0.4974696934223175,89.0625,0.28153303265571594,0.4611915349960327,0.6799920797348022,0.07054921984672546,0.15470926463603973,0.09190323948860168,6.534304246306419
0,0,1,2.0883100032806396,1.996612548828125,2.8927230834960938,13.254547119140625,1.210798978805542,2.24609375,0.1790858507156372,2.4982657432556152,2.198772668838501,0.12100857496261597,0.6859148144721985,0.07314678281545639,11.9480265006423
0,0,2,1.596227765083313,14.0777587890625,2.91418194770813,20.72601318359375,0.9890498518943787,2.5390625,0.0654226690530777,2.3007779121398926,3.1626172065734863,0.08382071554660797,0.6770153641700745,0.06680992990732193,11.855923362076283
